Y,Yb,Error,,error2,error/y,(error/y)2
43670,39885,3785,,14326225,0.086672773,0.00751217
24749,33672,-8923,,79619929,-0.36053982,0.129988962
46189,46985,-796,,633616,-0.01723354,0.000296995
26578,31897,-5319,,28291761,-0.200127925,0.040051187
36487,36335,152,,23104,0.004165867,1.74E-05
,,,,,,
,,,,122894635,-0.487062645,0.177866667
,,,,,,
,,,,4957.713888,-0.097412529,0.188608943
,,,,,0.097412529,
,,,,RMSE,MAPE,RMSPE
